{"fitness":2189.3970028511317,"phenotype":[[87,86,83,82,81,78,71,70,99,38],[3,98,96,95,94,92,76,79,64,45,52],[63,41,54,29,30,9,4,1,75,89],[5,7,8,10,19,97,85,74,69,51],[13,17,18,15,16,73],[26,28,34,36,50,49,47],[20,25,27,31,37,39,6,100,68,80],[43,42,57,55,53,56,60,77,88,14],[24,32,33,35,44,40,61,72,58,91,2],[67,65,62,90,84,93,11,23,48,59],[21,22,46,66,12],[],[],[],[],[],[],[],[],[],[],[],[],[],[]],"genotype":[3,9,2,3,4,7,4,4,3,4,10,11,5,8,5,5,5,5,4,7,11,11,10,9,7,6,7,6,3,3,7,9,9,6,9,6,7,1,7,9,3,8,8,9,2,11,6,10,6,6,4,2,8,3,8,8,8,9,10,8,9,10,3,2,10,11,10,7,4,1,1,9,5,4,3,2,8,1,2,7,1,1,1,10,4,1,1,8,3,10,9,2,10,2,2,2,4,2,1,7],"strain_unfitness":0.0,"time_unfitness":6.145851557599284}