{"fitness":1223.4624448795823,"phenotype":[[81,78,76,71,82,70,73,77,79,80],[90,87,86,83,94,92,84,85,88,89,91],[98,96,95,93,97,100,99,2,1,75],[5,3,7,8,10,11,9,6,12,4],[13,17,18,19,15,16,28,14,26,23],[20,24,25,27,29,30,38,39,36,34,22,21],[32,33,31,35,37,46,48,51,50,52,49,47],[43,42,41,40,44,58,45,60,59],[57,55,54,62,53,56,72,61,64,68,66,69],[67,65,63,74],[],[],[],[],[],[],[],[],[],[],[],[],[],[],[]],"genotype":[3,3,4,4,4,4,4,4,4,4,4,4,5,5,5,5,5,5,5,6,6,6,5,6,6,5,6,5,6,6,7,7,7,6,7,6,7,6,6,8,8,8,8,8,8,7,7,7,7,7,7,7,9,9,9,9,9,8,8,8,9,9,10,9,10,9,10,9,9,1,1,9,1,10,3,1,1,1,1,1,1,1,2,2,2,2,2,2,2,2,2,2,3,2,3,3,3,3,3,3],"strain_unfitness":0.35,"time_unfitness":0.8618565375893734}