{"fitness":2381.985141446391,"phenotype":[[72,81,54,96],[42,41,40,43,36,44,39],[70,61,68,100],[8,46,45],[79,6,7,88,55],[98,78],[47,17,53,16],[82,87,97],[86,90,99],[65,74,77,58,57],[83,25,21,19,49,24,20,23,48,22],[66,64],[56,84,85],[95,62,92,33,76,89,91],[28,30,26,32,50,80],[93,94,67,71],[29,31,27,34],[1,3,5],[37,38,35],[52,59,75],[10,13,9],[63,18,51],[73,15,14,12,11],[4,2],[60,69]],"genotype":[18,24,18,24,18,5,5,4,21,21,23,23,21,23,23,7,7,22,11,11,11,11,11,11,11,15,17,15,17,15,17,15,14,17,19,2,19,19,2,2,2,2,2,2,4,4,7,11,11,15,22,20,7,1,5,13,10,10,20,25,3,14,22,12,10,12,16,3,25,3,16,1,23,10,20,14,10,6,5,15,1,8,11,13,13,9,8,5,14,9,14,14,16,16,14,1,8,6,9,3],"strain_unfitness":0.0,"time_unfitness":0.4972652129324272}