{"fitness":1254.7457067421658,"phenotype":[[13,17,18,19,15,16,14,12],[25,27,30,28,26,23,22,21],[20,24,29,39,36],[32,33,31,35,37,38,34],[43,44,45,50,52,49],[46,60,48,51,47],[42,41,40,59],[57,55,54,53,56,58,68],[67,65,62,72,61,64,66,69],[63,74,73,77,79,80],[81,78,76,71,70,82],[90,87,86,83,84,85,89],[98,96,95,94,92,93,88,91],[97,100,99,2,1,75],[],[5,3,7,8,10,11,9,6,4],[],[],[],[],[],[],[],[],[]],"genotype":[14,14,16,16,16,16,16,16,16,16,16,1,1,1,1,1,1,1,1,3,2,2,2,3,2,2,2,2,3,2,4,4,4,4,4,3,4,4,3,7,7,7,5,5,5,6,6,6,5,5,6,5,8,8,8,8,8,8,7,6,9,9,10,9,9,9,9,8,9,11,11,9,10,10,14,11,10,11,10,10,11,11,12,12,12,12,12,13,12,12,13,13,13,13,13,13,14,13,14,14],"strain_unfitness":0.0,"time_unfitness":0.18579999079882006}