{"fitness":1230.0772981843204,"phenotype":[[43,42,41,40,44,46,45,60,48,51,47],[57,55,54,53,56,58,64,59,68,69],[67,65,63,62,74,72,61,77,79,80,66],[81,78,76,71,82,70,73],[90,87,86,83,94,92,84,85,88,89,91],[98,96,95,93,97,100,99,2,1,75],[5,3,7,8,10,11,9,6,12,4],[13,17,18,19,15,16,28,14,26,23],[20,24,25,27,29,30,38,39,36,34,22,21],[32,33,31,35,37,50,52,49],[],[],[],[],[],[],[],[],[],[],[],[],[],[],[]],"genotype":[6,6,7,7,7,7,7,7,7,7,7,7,8,8,8,8,8,8,8,9,9,9,8,9,9,8,9,8,9,9,10,10,10,9,10,9,10,9,9,1,1,1,1,1,1,1,1,1,10,10,1,10,2,2,2,2,2,2,2,1,3,3,3,2,3,3,3,2,2,4,4,3,4,3,6,4,3,4,3,3,4,4,5,5,5,5,5,5,5,5,5,5,6,5,6,6,6,6,6,6],"strain_unfitness":0.25,"time_unfitness":0.45367802102307087}